<?xml version="1.0" encoding="utf-8"?>
<extension type="component" version="3.0" method="upgrade">
 
	<name>Docusign</name>
	<creationDate>July 2020</creationDate>
	<author>Robert Ngethe.</author>
	<authorEmail>robert.ngethe.RN@gmail.com</authorEmail>
	<copyright>Copyright (C) 2020. All rights reserved.</copyright>
	<license>GNU/GPLv3 http://www.gnu.org/licenses/gpl-3.0.html</license>
	<version>1.0</version>
	<description>A Joomla Component to integrate with Docusign API</description>
 
	<install> <!-- Runs on install -->
		<sql>
			<file driver="mysql" charset="utf8">sql/install.mysql.utf8.sql</file>
		</sql>
	</install>
	<uninstall> <!-- Runs on uninstall -->
		<sql>
			<file driver="mysql" charset="utf8">sql/uninstall.mysql.utf8.sql</file>
		</sql>
	</uninstall>
	<update> 
        <schemas>
			<schemapath type="mysql">sql/updates/mysql</schemapath>
			<schemapath type="sqlsrv">sql/updates/sqlsrv</schemapath>
		</schemas>
    </update>
	<administration>
		<!-- Administration Menu Section -->
			<menu link="option=com_docusign&amp;view=accountsetup&amp;tab-panel=account" view="accountsetup">Docusign</menu>
		
		<files folder="admin">
			<!-- Admin Main File Copy Section -->
			<filename>index.html</filename>
			<filename>docusign.php</filename>
			<filename>controller.php</filename>
			<!-- helper files section -->
			<folder>assets</folder>
			<!-- helper files section -->
			<folder>helpers</folder>
			<!-- SQL files section -->
			<folder>sql</folder>
			<!-- models files section -->
			<folder>models</folder>
			<!-- views files section -->
			<folder>views</folder>
			<!-- controllers files section -->
			<folder>controllers</folder>
		</files>
		<languages folder="admin/language">
        	<language tag="en-GB">en-GB/en-GB.com_docusign.ini</language>
            <language tag="en-GB">en-GB/en-GB.com_docusign.sys.ini</language>
		</languages>
	</administration>
	
</extension>