<?xml version="1.0" encoding="utf-8"?>
<extension version="3.0" type="plugin" group="system" method="upgrade">
	<name>Docusign for Joomla - Plugin</name>
	<author>Robert Ngethe.</author>
	<authorEmail>robert.ngethe.RN@gmail.com</authorEmail>
	<authorUrl>www.devpost.com/roba_palmer</authorUrl>
	<creationDate>July 2020</creationDate>
	<copyright>Copyright 2015 miniOrange. All Rights Reserved.</copyright>
	<license>GNU/GPLv3 http://www.gnu.org/licenses/gpl-3.0.html</license>
	<version>1.0</version>
	<description>A joomla plugin to integrate with Docusign API</description>
	<files>
		<filename plugin="docusign">docusign.php</filename>
	</files>
	<config />
	<languages folder="language">
		<language tag="en-GB">en-GB/en-GB.plg_system_docusign.ini</language>
		<language tag="en-GB">en-GB/en-GB.plg_system_docusign.sys.ini</language>
	</languages>
	<scriptfile>script.php</scriptfile>
</extension>
